cost_center,cust_loc,brand,loc_name,item_code,item_desc,order_type,inv_date,qty_ship,sell_price,net_sale,promo_cat,subcat_1,subcat_2
2,00005985 0002,rollins,PUBLIC REL & CORP COMM             ,PROK455   ,PORT AUTHORITY RAPID DRY POLO (S-XL)    ,POD,2/13/2020,4,$27.00 ,$108.00 ,Apparel,Polo,Mens
2,00005985 0002,rollins,PUBLIC REL & CORP COMM             ,PROK4552X ,PORT AUTHORITY RAPID DRY POLO (2XL)     ,POD,2/13/2020,1,$29.00 ,$29.00 ,Apparel,Polo,Mens
2,00005985 0002,rollins,PUBLIC REL & CORP COMM             ,PROK4553XL,PORT AUTHORITY RAPID DRY POLO (3XL)     ,POD,2/13/2020,3,$29.00 ,$87.00 ,Apparel,Polo,Mens
2,00005985 0002,rollins,PUBLIC REL & CORP COMM             ,PROK4555X ,PORT AUTHORITY RAPID DRY POLO (5XL)     ,POD,2/13/2020,1,$31.00 ,$31.00 ,Apparel,Polo,Mens
81,00005985 0081,Orkin,081 SOUTHEAST DIVISION             ,ORK6147   ,Orkin Challenge Coin                    ,Inventory,2/5/2020,150,$4.90 ,$735.00 ,Office,,
82,00005985 0082,Orkin,082 MIDWEST DIVISION               ,ORK6071   ,CoolerOrkin Infinity Sport              ,Inventory,4/16/2020,2,$16.42 ,$32.84 ,Coolers,,
82,00005985 0082,Orkin,082 MIDWEST DIVISION               ,ORK7317   ,UmbrellaOrkin Color Flip Inverted Foldin,Inventory,4/16/2020,3,$18.36 ,$55.08 ,Umbrella,,
82,00005985 0082,Orkin,082 MIDWEST DIVISION               ,ORK7000   ,TumblerOrkin 20oz Hugo Copper Vacuum Ins,Inventory,4/16/2020,4,$14.41 ,$57.64 ,Drinkware,,
82,00005985 0082,Orkin,082 MIDWEST DIVISION               ,ORK6128R  ,FlashlightOrkin Telescopic Aluminum with,Inventory,4/16/2020,4,$6.99 ,$27.96 ,Flashlights,,
84,00005985 0084,Orkin,084 SOUTH CENTRAL DIVISION         ,ORK7265K2X,JacketOrkin Carhartt Duck Traditional Co,POD,12/23/2020,1,$129.27 ,$129.27 ,Apparel,Outerwear,Mens
84,00005985 0084,Orkin,084 SOUTH CENTRAL DIVISION         ,ORK4008   ,WatchOrkin Women's Timex 2-Tone Gold Exp,Inventory,12/14/2020,2,$92.15 ,$184.30 ,Watches,,
84,00005985 0084,Orkin,084 SOUTH CENTRAL DIVISION         ,ORK7294   ,TumblerOrkin 20oz Arctic Zone Titan Ther,Inventory,12/14/2020,3,$27.30 ,$81.90 ,Drinkware,,
84,00005985 0084,Orkin,084 SOUTH CENTRAL DIVISION         ,ORK7295   ,MugOrkin 14oz Arctic Zone Titan Thermal ,Inventory,12/14/2020,5,$21.07 ,$105.35 ,Drinkware,,
84,00005985 0084,Orkin,084 SOUTH CENTRAL DIVISION         ,ORK7332   ,TumblerOrkin Bugs Tervis Stainless Steel,Inventory,12/14/2020,2,$24.01 ,$48.02 ,Drinkware,,
84,00005985 0084,Orkin,084 SOUTH CENTRAL DIVISION         ,ORK4007   ,WatchOrkin Swiss                        ,Inventory,12/14/2020,5,$98.36 ,$491.80 ,Watches,,
84,00005985 0084,Orkin,084 SOUTH CENTRAL DIVISION         ,ORK6082   ,PinOrkin Lapel (Pack of 5)              ,Inventory,5/19/2020,50,$7.66 ,$76.60 ,Pins / Medals,,
84,00005985 0084,Orkin,084 SOUTH CENTRAL DIVISION         ,PROBT9003 ,"2.25"" ROUND BUTTON                      ",Direct Ship,4/13/2020,1200,$0.57 ,$684.00 ,tradeshow,,
84,00005985 0084,Orkin,084 SOUTH CENTRAL DIVISION         ,PROPD34925,ONSTAGE POST IT 3 X 4 (25 SHEET PAD)    ,Direct Ship,3/23/2020,-25,$0.64 ,($16.00),Office,,
84,00005985 0084,Orkin,084 SOUTH CENTRAL DIVISION         ,PROPWI    ,ELITE SLIM METALLIC PEN - WBBO          ,Direct Ship,3/11/2020,250,$0.70 ,$175.00 ,Office,,
84,00005985 0084,Orkin,084 SOUTH CENTRAL DIVISION         ,PROPD34925,ONSTAGE POST IT 3 X 4 (25 SHEET PAD)    ,Direct Ship,3/11/2020,525,$0.64 ,$336.00 ,Office,,
84,00005985 0084,Orkin,084 SOUTH CENTRAL DIVISION         ,PROBG100  ,ONSTAGE CINCH UP BACKPACK RED           ,POD,3/11/2020,300,$2.41 ,$723.00 ,Bags,,
84,00005985 0084,Orkin,084 SOUTH CENTRAL DIVISION         ,PROSILWRIS,"INKN INJECTED 1/2"" SILICONE WRISTBAND   ",Direct Ship,2/29/2020,1200,$0.47 ,$564.00 ,tradeshow,,
84,00005985 0084,Orkin,084 SOUTH CENTRAL DIVISION         ,PRO354055 ,NIKE SPHERE DRY DIAMOND POLO XS-L       ,POD,2/24/2020,5,$64.00 ,$320.00 ,Apparel,Polo,Mens
84,00005985 0084,Orkin,084 SOUTH CENTRAL DIVISION         ,PRO354055 ,NIKE SPHERE DRY DIAMOND POLO XS-L       ,POD,2/24/2020,-5,$64.00 ,($320.00),Apparel,Polo,Mens
84,00005985 0084,Orkin,084 SOUTH CENTRAL DIVISION         ,PRO3540552,NIKE SPHERE DRY DIAMOND POLO 2X         ,POD,2/24/2020,4,$65.60 ,$262.40 ,Apparel,Polo,Mens
84,00005985 0084,Orkin,084 SOUTH CENTRAL DIVISION         ,PRO3540552,NIKE SPHERE DRY DIAMOND POLO 2X         ,POD,2/24/2020,-4,$65.50 ,($262.00),Apparel,Polo,Mens
84,00005985 0084,Orkin,084 SOUTH CENTRAL DIVISION         ,PRO3540553,NIKE SPHERE DRY DIAMOND POLO 3X         ,POD,2/24/2020,3,$68.50 ,$205.50 ,Apparel,Polo,Mens
84,00005985 0084,Orkin,084 SOUTH CENTRAL DIVISION         ,PRO3540553,NIKE SPHERE DRY DIAMOND POLO 3X         ,POD,2/24/2020,-3,$68.50 ,($205.50),Apparel,Polo,Mens
84,00005985 0084,Orkin,084 SOUTH CENTRAL DIVISION         ,PRO354055X,NIKE SPHERE DRY DIAMOND POLO XL         ,POD,2/24/2020,4,$64.00 ,$256.00 ,Apparel,Polo,Mens
84,00005985 0084,Orkin,084 SOUTH CENTRAL DIVISION         ,PRO354055X,NIKE SPHERE DRY DIAMOND POLO XL         ,POD,2/24/2020,-4,$65.50 ,($262.00),Apparel,Polo,Mens
84,00005985 0084,Orkin,084 SOUTH CENTRAL DIVISION         ,PRO354055X,NIKE SPHERE DRY DIAMOND POLO XL         ,POD,2/13/2020,4,$65.50 ,$262.00 ,Apparel,Polo,Mens
84,00005985 0084,Orkin,084 SOUTH CENTRAL DIVISION         ,PRO3540553,NIKE SPHERE DRY DIAMOND POLO 3X         ,POD,2/13/2020,3,$68.50 ,$205.50 ,Apparel,Polo,Mens
84,00005985 0084,Orkin,084 SOUTH CENTRAL DIVISION         ,PRO3540552,NIKE SPHERE DRY DIAMOND POLO 2X         ,POD,2/13/2020,4,$65.50 ,$262.00 ,Apparel,Polo,Mens
84,00005985 0084,Orkin,084 SOUTH CENTRAL DIVISION         ,PRO354055 ,NIKE SPHERE DRY DIAMOND POLO XS-L       ,POD,2/13/2020,5,$64.00 ,$320.00 ,Apparel,Polo,Mens
85,00005985 0085,Orkin,085 NORTHEAST DIVISION             ,ORK7242RXL,FleeceOrkin Port Authority Ladies Collec,POD,12/31/2020,1,$38.24 ,$38.24 ,Apparel,Fleece,Womens
85,00005985 0085,Orkin,085 NORTHEAST DIVISION             ,ORK7267KXL,3-in-1 JacketOrkin Port Authority Ladies,POD,12/31/2020,1,$99.56 ,$99.56 ,Apparel,Outerwear,Womens
85,00005985 0085,Orkin,085 NORTHEAST DIVISION             ,ORK6122   ,TowelOrkin Rally Golf                   ,Inventory,11/24/2020,100,$2.45 ,$245.00 ,Golf,,
85,00005985 0085,Orkin,085 NORTHEAST DIVISION             ,ORK5003   ,Golf BallsOrkin Bridgestone E6 Soft     ,Inventory,11/24/2020,96,$37.85 ,$302.80 ,Golf,,
85,00005985 0085,Orkin,085 NORTHEAST DIVISION             ,ORK5002   ,"Orkin Golf Tees (2 3/4"") & Ball Marker (",Inventory,11/2/2020,160,$19.56 ,$156.48 ,Golf,,
85,00005985 0085,Orkin,085 NORTHEAST DIVISION             ,ORK5003   ,Golf BallsOrkin Bridgestone E6 Soft     ,Inventory,10/22/2020,60,$37.85 ,$189.25 ,Golf,,
85,00005985 0085,Orkin,085 NORTHEAST DIVISION             ,ORK5003   ,Golf BallsOrkin Bridgestone E6 Soft     ,Inventory,9/29/2020,60,$37.85 ,$189.25 ,Golf,,
85,00005985 0085,Orkin,085 NORTHEAST DIVISION             ,ORK1083K2X,PoloOrkin Men's CB Drytec Northgate     ,POD,8/27/2020,1,$42.97 ,$42.97 ,Apparel,Polo,Mens
85,00005985 0085,Orkin,085 NORTHEAST DIVISION             ,ORK1083R2X,PoloOrkin Men's CB Drytec Northgate     ,POD,8/27/2020,1,$42.97 ,$42.97 ,Apparel,Polo,Mens
85,00005985 0085,Orkin,085 NORTHEAST DIVISION             ,ORK5002   ,"Orkin Golf Tees (2 3/4"") & Ball Marker (",Inventory,8/21/2020,40,$19.56 ,$39.12 ,Golf,,
85,00005985 0085,Orkin,085 NORTHEAST DIVISION             ,ORK5003   ,Golf BallsOrkin Bridgestone E6 Soft     ,Inventory,8/14/2020,36,$37.85 ,$113.55 ,Golf,,
85,00005985 0085,Orkin,085 NORTHEAST DIVISION             ,ORK5002   ,"Orkin Golf Tees (2 3/4"") & Ball Marker (",Inventory,7/24/2020,20,$19.56 ,$19.56 ,Golf,,
85,00005985 0085,Orkin,085 NORTHEAST DIVISION             ,ORK6071   ,CoolerOrkin Infinity Sport              ,Inventory,7/24/2020,5,$16.42 ,$82.10 ,Coolers,,
85,00005985 0085,Orkin,085 NORTHEAST DIVISION             ,ORK7283   ,EarbudsOrkin Little Bluetooth           ,Inventory,7/24/2020,9,$15.27 ,$137.43 ,Tech,,
85,00005985 0085,Orkin,085 NORTHEAST DIVISION             ,ORK7281   ,TumblerOrkin Icons Tervis Stainless Stee,Inventory,7/24/2020,9,$24.40 ,$219.60 ,Drinkware,,
85,00005985 0085,Orkin,085 NORTHEAST DIVISION             ,ORK7298   ,FlashlightOrkin High Sierra Carabiner Ho,Inventory,7/24/2020,9,$8.75 ,$78.75 ,Flashlights,,
85,00005985 0085,Orkin,085 NORTHEAST DIVISION             ,ORK6017   ,"DuffleOrkin Boundry 20""                 ",Inventory,7/24/2020,5,$20.21 ,$101.05 ,Bags,,
85,00005985 0085,Orkin,085 NORTHEAST DIVISION             ,ORK7318   ,Lip BalmOrkin Round                     ,Inventory,7/24/2020,10,$1.85 ,$18.50 ,tradeshow,,
85,00005985 0085,Orkin,085 NORTHEAST DIVISION             ,ORK5002   ,"Orkin Golf Tees (2 3/4"") & Ball Marker (",Inventory,6/19/2020,100,$19.56 ,$97.80 ,Golf,,
85,00005985 0085,Orkin,085 NORTHEAST DIVISION             ,ORK5003   ,Golf BallsOrkin Bridgestone E6 Soft     ,Inventory,6/19/2020,216,$37.85 ,$681.30 ,Golf,,
85,00005985 0085,Orkin,085 NORTHEAST DIVISION             ,ORK6100   ,BagOrkin Slanted Non-Woven Drawstring   ,Inventory,6/19/2020,75,$4.29 ,$321.75 ,Bags,,
85,00005985 0085,Orkin,085 NORTHEAST DIVISION             ,ORK8028   ,Orkin Kan-tastic Beverage Holder (Pack o,Inventory,6/19/2020,75,$26.27 ,$78.81 ,Drinkware,,
85,00005985 0085,Orkin,085 NORTHEAST DIVISION             ,PRO719710 ,DISCO LIGHT UP BLUETOOTH SPEAKER BLANK  ,POD,2/17/2020,8,$14.51 ,$116.08 ,Tech,,
86,00005985 0086,Orkin,086 PACIFIC DIVISION               ,ORK8085KX ,JacketOrkin Men's Tulsa Weatherproof    ,POD,12/13/2020,1,$63.71 ,$63.71 ,Apparel,Outerwear,Mens
86,00005985 0086,Orkin,086 PACIFIC DIVISION               ,ORK8204TX ,JacketOrkin Men's Helsa Full Zip        ,POD,12/13/2020,1,$47.41 ,$47.41 ,Apparel,Outerwear,Mens
86,00005985 0086,Orkin,086 PACIFIC DIVISION               ,ORK7276K  ,BagOrkin OGIO Marshall Pack             ,POD,8/14/2020,1,$45.62 ,$45.62 ,Bags,,
86,00005985 0086,Orkin,086 PACIFIC DIVISION               ,ORK7276R  ,BagOrkin OGIO Marshall Pack             ,POD,8/14/2020,1,$45.62 ,$45.62 ,Bags,,
86,00005985 0086,Orkin,086 PACIFIC DIVISION               ,ORK6043   ,PortfolioOrkin Black Leather            ,Inventory,8/7/2020,1,$32.72 ,$32.72 ,Office,,
86,00005985 0086,Orkin,086 PACIFIC DIVISION               ,ORK7322KL ,SweaterOrkin Port Authority Ladies Cardi,POD,7/31/2020,1,$38.52 ,$38.52 ,Apparel,Sweater,Womens
86,00005985 0086,Orkin,086 PACIFIC DIVISION               ,ORK7313   ,BagOrkin Port Authority Transit Messenge,POD,7/31/2020,1,$31.82 ,$31.82 ,Bags,,
86,00005985 0086,Orkin,086 PACIFIC DIVISION               ,ORK7323KL ,SweaterOrkin Port Authority Ladies Open ,POD,7/31/2020,1,$45.97 ,$45.97 ,Apparel,Sweater,Womens
86,00005985 0086,Orkin,086 PACIFIC DIVISION               ,ORK7328   ,BagOrkin Non-Woven Grocery Tote         ,Inventory,7/24/2020,6,$2.99 ,$17.94 ,Bags,,
86,00005985 0086,Orkin,086 PACIFIC DIVISION               ,ORK6043   ,PortfolioOrkin Black Leather            ,Inventory,7/24/2020,1,$32.72 ,$32.72 ,Office,,
86,00005985 0086,Orkin,086 PACIFIC DIVISION               ,ORK2012L  ,TieOrkin Black Diamond Logo             ,Inventory,7/24/2020,2,$21.86 ,$43.72 ,Apparel,Tie,Mens
86,00005985 0086,Orkin,086 PACIFIC DIVISION               ,ORK2013L  ,TieOrkin Ant Line (Long)                ,Inventory,7/24/2020,2,$21.86 ,$43.72 ,Apparel,Tie,Mens
106,00005985 0106,Orkin,106 BIRMINGHAM                     ,ORK7243AL ,FleeceOrkin The North Face Tech 1/4 Zip ,POD,11/5/2020,1,$63.96 ,$63.96 ,Apparel,Fleece,Mens
106,00005985 0106,Orkin,106 BIRMINGHAM                     ,ORK40603X4,MatOrkin Olefin Door Mat Horizontal     ,POD,11/5/2020,1,$71.48 ,$71.48 ,Office,,
106,00005985 0106,Orkin,106 BIRMINGHAM                     ,ORK40613X4,MatOrkin Olefin Door Mat Vertical       ,POD,11/5/2020,1,$71.48 ,$71.48 ,Office,,
106,00005985 0106,Orkin,106 BIRMINGHAM                     ,ORK8086KS ,JacketOrkin Ladies Tulsa Weatherproof   ,POD,11/5/2020,1,$63.71 ,$63.71 ,Apparel,Outerwear,Womens
106,00005985 0106,Orkin,106 BIRMINGHAM                     ,ORK7243AM ,FleeceOrkin The North Face Tech 1/4 Zip ,POD,10/12/2020,1,$63.96 ,$63.96 ,Apparel,Fleece,Mens
106,00005985 0106,Orkin,106 BIRMINGHAM                     ,MS1040    ,OrganizerSafety First Car Seat          ,Inventory,6/29/2020,20,$8.20 ,$164.00 ,Vehicle,,
106,00005985 0106,Orkin,106 BIRMINGHAM                     ,ORK8202KL ,PoloOrkin Men's Long Sleeve Evans       ,POD,5/20/2020,1,$26.67 ,$26.67 ,Apparel,Polo,Mens
106,00005985 0106,Orkin,106 BIRMINGHAM                     ,ORK7229WL ,FleeceOrkin Sport-Tek Sport-Wick Stretch,POD,5/20/2020,1,$31.59 ,$31.59 ,Apparel,Fleece,Mens
106,00005985 0106,Orkin,106 BIRMINGHAM                     ,ORK7233KL ,FleeceOrkin Sport-Tek Sport-Wick Fleece ,POD,5/20/2020,1,$34.53 ,$34.53 ,Apparel,Fleece,Mens
106,00005985 0106,Orkin,106 BIRMINGHAM                     ,ORK7218WL ,PoloOrkin Nike Dri-FIT Micro Pique Polo ,POD,5/20/2020,1,$38.12 ,$38.12 ,Apparel,Polo,Mens
106,00005985 0106,Orkin,106 BIRMINGHAM                     ,ORK7220GL ,PoloOrkin Nike Dri-FIT Legacy Polo      ,POD,5/20/2020,1,$43.72 ,$43.72 ,Apparel,Polo,Mens
106,00005985 0106,Orkin,106 BIRMINGHAM                     ,ROL7243K2X,FleeceRollins The North Face Tech 1/4 Zi,POD,5/20/2020,1,$65.51 ,$65.51 ,Apparel,Fleece,Mens
106,00005985 0106,Orkin,106 BIRMINGHAM                     ,ORK7246WL ,FleeceOrkin Nike Ladies Dri-FIT Stretch ,POD,4/27/2020,1,$70.16 ,$70.16 ,Apparel,Fleece,Womens
112,00005985 0112,Orkin,112 HUNTSVILLE                     ,ORK7332   ,TumblerOrkin Bugs Tervis Stainless Steel,Inventory,9/11/2020,5,$24.01 ,$120.05 ,Drinkware,,
112,00005985 0112,Orkin,112 HUNTSVILLE                     ,ORK8049A  ,HatOrkin Six Panel                      ,Inventory,9/11/2020,20,$6.56 ,$131.20 ,Apparel,Headwear,All
112,00005985 0112,Orkin,112 HUNTSVILLE                     ,ORK7280   ,BagOrkin High Sierra Fallout Computer   ,Inventory,9/11/2020,1,$62.77 ,$62.77 ,Bags,,
112,00005985 0112,Orkin,112 HUNTSVILLE                     ,ORK7204K3X,PoloOrkin Port Authority Dry Zone UV Mic,POD,8/31/2020,1,$22.71 ,$22.71 ,Apparel,Polo,Mens
112,00005985 0112,Orkin,112 HUNTSVILLE                     ,ORK7204KXL,PoloOrkin Port Authority Dry Zone UV Mic,POD,8/31/2020,1,$18.28 ,$18.28 ,Apparel,Polo,Mens
112,00005985 0112,Orkin,112 HUNTSVILLE                     ,ORK2012R  ,TieOrkin Black Diamond Logo             ,Inventory,4/28/2020,2,$20.96 ,$41.92 ,Apparel,Tie,Mens
112,00005985 0112,Orkin,112 HUNTSVILLE                     ,ORK7009   ,CapOrkin                                ,Inventory,4/28/2020,1,$8.00 ,$8.00 ,Apparel,Headwear,All
112,00005985 0112,Orkin,112 HUNTSVILLE                     ,ORK2013   ,TieOrkin Ant Line                       ,Inventory,4/28/2020,2,$21.41 ,$42.82 ,Apparel,Tie,Mens
112,00005985 0112,Orkin,112 HUNTSVILLE                     ,ORK7012   ,HatOrkin Fight the Bite Trucker         ,Inventory,3/3/2020,15,$10.20 ,$153.00 ,Apparel,Headwear,All
112,00005985 0112,Orkin,112 HUNTSVILLE                     ,ORK8200TM ,JacketOrkin Men's Helsa Half Zip        ,POD,2/29/2020,1,$37.67 ,$37.67 ,Apparel,Outerwear,Mens
119,00005985 0119,Orkin,119 WEST CAROLINA REGION           ,ORK7295   ,MugOrkin 14oz Arctic Zone Titan Thermal ,Inventory,3/25/2020,2,$21.07 ,$42.14 ,Drinkware,,
119,00005985 0119,Orkin,119 WEST CAROLINA REGION           ,ORK7297   ,TumblerOrkin 25oz CamelBak Chute Mag    ,Inventory,3/17/2020,10,$18.75 ,$187.50 ,Drinkware,,
119,00005985 0119,Orkin,119 WEST CAROLINA REGION           ,ORK7295   ,MugOrkin 14oz Arctic Zone Titan Thermal ,Inventory,3/17/2020,8,$21.07 ,$168.56 ,Drinkware,,
128,00005985 0128,Orkin,128 BRANDON                        ,ORK1081WX ,PoloOrkin Men's Oslo Pique              ,POD,9/12/2020,1,$22.23 ,$22.23 ,Apparel,Polo,Mens
128,00005985 0128,Orkin,128 BRANDON                        ,ORK1081RX ,PoloOrkin Men's Oslo Pique              ,POD,9/12/2020,1,$22.23 ,$22.23 ,Apparel,Polo,Mens
128,00005985 0128,Orkin,128 BRANDON                        ,ORK7226K2X,PoloOrkin Ladies OGIO Jewel             ,POD,8/31/2020,1,$34.39 ,$34.39 ,Apparel,Polo,Womens
128,00005985 0128,Orkin,128 BRANDON                        ,ORK7226G3X,PoloOrkin Ladies OGIO Jewel             ,POD,8/31/2020,1,$37.50 ,$37.50 ,Apparel,Polo,Womens
128,00005985 0128,Orkin,128 BRANDON                        ,ORK7226GXL,PoloOrkin Ladies OGIO Jewel             ,POD,8/31/2020,1,$32.83 ,$32.83 ,Apparel,Polo,Womens
130,00005985 0130,Orkin,130 TAMPA                          ,ORK7100K  ,TumblerOrkin 20oz Basecamp Tundra       ,Inventory,12/22/2020,4,$16.34 ,$65.36 ,Drinkware,,
130,00005985 0130,Orkin,130 TAMPA                          ,ORK7008   ,BeanieOrkin 12 inch                     ,Inventory,12/22/2020,4,$8.09 ,$32.36 ,Apparel,Headwear,All
130,00005985 0130,Orkin,130 TAMPA                          ,ORK4007   ,WatchOrkin Swiss                        ,Inventory,12/22/2020,1,$98.36 ,$98.36 ,Watches,,
130,00005985 0130,Orkin,130 TAMPA                          ,ORK7241KL ,FleeceOrkin Port Authority Collective Sm,POD,12/5/2020,1,$38.24 ,$38.24 ,Apparel,Fleece,Mens
130,00005985 0130,Orkin,130 TAMPA                          ,ORK7212K2X,PoloOrkin Port Authority Rapid Dry      ,POD,12/5/2020,2,$28.62 ,$57.24 ,Apparel,Polo,Mens
130,00005985 0130,Orkin,130 TAMPA                          ,ORK8213R  ,HatOrkin Port Authority Snapback Trucker,POD,12/5/2020,4,$11.64 ,$46.56 ,Apparel,Headwear,All
130,00005985 0130,Orkin,130 TAMPA                          ,ORK8213K  ,HatOrkin Port Authority Snapback Trucker,POD,12/5/2020,4,$11.64 ,$46.56 ,Apparel,Headwear,All
130,00005985 0130,Orkin,130 TAMPA                          ,ORK7270K2X,VestOrkin Port Authority Collective Insu,POD,12/5/2020,1,$36.01 ,$36.01 ,Apparel,Vest,Mens
130,00005985 0130,Orkin,130 TAMPA                          ,ORK4007   ,WatchOrkin Swiss                        ,Inventory,11/20/2020,1,$98.36 ,$98.36 ,Watches,,
130,00005985 0130,Orkin,130 TAMPA                          ,ORK7308   ,ChargerOrkin Gravitis Wireless Car      ,POD,10/7/2020,2,$20.15 ,$40.30 ,Tech,,
130,00005985 0130,Orkin,130 TAMPA                          ,ORK7272R  ,BagOrkin Port Authority Medium Two Tone ,POD,10/7/2020,3,$22.88 ,$68.64 ,Bags,,
130,00005985 0130,Orkin,130 TAMPA                          ,ORK1081K2X,PoloOrkin Men's Oslo Pique              ,POD,10/7/2020,2,$22.23 ,$44.46 ,Apparel,Polo,Mens
130,00005985 0130,Orkin,130 TAMPA                          ,ORK1081K2X,PoloOrkin Men's Oslo Pique              ,POD,9/21/2020,1,$22.23 ,$22.23 ,Apparel,Polo,Mens
130,00005985 0130,Orkin,130 TAMPA                          ,ORK1081K4X,PoloOrkin Men's Oslo Pique              ,POD,9/21/2020,1,$22.23 ,$22.23 ,Apparel,Polo,Mens
130,00005985 0130,Orkin,130 TAMPA                          ,ORK1081KX ,PoloOrkin Men's Oslo Pique              ,POD,9/21/2020,1,$22.23 ,$22.23 ,Apparel,Polo,Mens
130,00005985 0130,Orkin,130 TAMPA                          ,ORK1081R2X,PoloOrkin Men's Oslo Pique              ,POD,9/21/2020,1,$22.23 ,$22.23 ,Apparel,Polo,Mens
130,00005985 0130,Orkin,130 TAMPA                          ,ORK1081RL ,PoloOrkin Men's Oslo Pique              ,POD,9/21/2020,1,$22.23 ,$22.23 ,Apparel,Polo,Mens
130,00005985 0130,Orkin,130 TAMPA                          ,ORK1081WL ,PoloOrkin Men's Oslo Pique              ,POD,9/21/2020,1,$22.23 ,$22.23 ,Apparel,Polo,Mens
130,00005985 0130,Orkin,130 TAMPA                          ,ORK1081KL ,PoloOrkin Men's Oslo Pique              ,POD,9/21/2020,1,$22.23 ,$22.23 ,Apparel,Polo,Mens
130,00005985 0130,Orkin,130 TAMPA                          ,ORK1081KL ,PoloOrkin Men's Oslo Pique              ,POD,9/21/2020,1,$22.23 ,$22.23 ,Apparel,Polo,Mens
130,00005985 0130,Orkin,130 TAMPA                          ,ORK2013L  ,TieOrkin Ant Line (Long)                ,Inventory,9/17/2020,5,$21.86 ,$109.30 ,Apparel,Tie,Mens
130,00005985 0130,Orkin,130 TAMPA                          ,ORK1082RL ,PoloOrkin Ladies Oslo Pique             ,POD,9/10/2020,1,$22.23 ,$22.23 ,Apparel,Polo,Womens
130,00005985 0130,Orkin,130 TAMPA                          ,ORK1084KL ,PoloOrkin Ladies CB Drytec Northgate    ,POD,9/10/2020,1,$42.97 ,$42.97 ,Apparel,Polo,Womens
130,00005985 0130,Orkin,130 TAMPA                          ,ORK7226R3X,PoloOrkin Ladies OGIO Jewel             ,POD,9/10/2020,1,$37.50 ,$37.50 ,Apparel,Polo,Womens
130,00005985 0130,Orkin,130 TAMPA                          ,ORK1084R3X,PoloOrkin Ladies CB Drytec Northgate    ,POD,9/10/2020,1,$42.97 ,$42.97 ,Apparel,Polo,Womens
130,00005985 0130,Orkin,130 TAMPA                          ,ORK7000   ,TumblerOrkin 20oz Hugo Copper Vacuum Ins,Inventory,8/28/2020,2,$14.41 ,$28.82 ,Drinkware,,
130,00005985 0130,Orkin,130 TAMPA                          ,ORK6133   ,"UmbrellaOrkin 58"" Vented Golf           ",Inventory,8/28/2020,1,$17.40 ,$17.40 ,Golf,,
130,00005985 0130,Orkin,130 TAMPA                          ,ORK7308   ,ChargerOrkin Gravitis Wireless Car      ,POD,8/27/2020,2,$20.15 ,$40.30 ,Tech,,
130,00005985 0130,Orkin,130 TAMPA                          ,ORK7299   ,BlanketOrkin Buffalo Plaid Ultra Plush T,Inventory,8/25/2020,1,$32.17 ,$32.17 ,Blankets / Towels,,
130,00005985 0130,Orkin,130 TAMPA                          ,ORK1091G4X,T-ShirtOrkin Serves                     ,Inventory,8/17/2020,2,$8.90 ,$17.80 ,Apparel,T-Shirt,All
130,00005985 0130,Orkin,130 TAMPA                          ,ORK4008   ,WatchOrkin Women's Timex 2-Tone Gold Exp,Inventory,8/17/2020,1,$92.15 ,$92.15 ,Watches,,
130,00005985 0130,Orkin,130 TAMPA                          ,ORK6006   ,ClothOrkin Microfiber Cleaning (Pack of ,Inventory,8/17/2020,10,$16.83 ,$16.83 ,Office,,
130,00005985 0130,Orkin,130 TAMPA                          ,ORK7111R  ,ToolOrkin Swiss Force Meister Multi     ,Inventory,8/17/2020,3,$15.66 ,$46.98 ,Tools,,
130,00005985 0130,Orkin,130 TAMPA                          ,ORK6129   ,ToolOrkin 16-in-1 Flashlight Laser Multi,Inventory,8/17/2020,2,$14.96 ,$29.92 ,Tools,,
130,00005985 0130,Orkin,130 TAMPA                          ,ORK7316   ,Water BottleOrkin Collapsible with Carab,Inventory,8/17/2020,6,$10.52 ,$63.12 ,Drinkware,,
130,00005985 0130,Orkin,130 TAMPA                          ,ORK8049A  ,HatOrkin Six Panel                      ,Inventory,7/31/2020,6,$6.56 ,$39.36 ,Apparel,Headwear,All
130,00005985 0130,Orkin,130 TAMPA                          ,ORK7009   ,HatOrkin                                ,Inventory,7/31/2020,8,$8.00 ,$64.00 ,Apparel,Headwear,All
130,00005985 0130,Orkin,130 TAMPA                          ,ORK7012   ,HatOrkin Fight the Bite Trucker         ,Inventory,7/31/2020,12,$10.20 ,$122.40 ,Apparel,Headwear,All
130,00005985 0130,Orkin,130 TAMPA                          ,ORK7272R  ,BagOrkin Port Authority Medium Two Tone ,POD,6/15/2020,2,$22.88 ,$45.76 ,Bags,,
130,00005985 0130,Orkin,130 TAMPA                          ,ORK2013L  ,TieOrkin Ant Line (Long)                ,Inventory,5/7/2020,2,$21.86 ,$43.72 ,Apparel,Tie,Mens
130,00005985 0130,Orkin,130 TAMPA                          ,ORK4007   ,WatchOrkin Swiss                        ,Inventory,5/7/2020,1,$97.73 ,$97.73 ,Watches,,
130,00005985 0130,Orkin,130 TAMPA                          ,ORK7111R  ,ToolOrkin Swiss Force Meister Multi     ,Inventory,5/7/2020,3,$15.66 ,$46.98 ,Tools,,
130,00005985 0130,Orkin,130 TAMPA                          ,ORK6017   ,"DuffleOrkin Boundry 20""                 ",Inventory,5/7/2020,2,$20.21 ,$40.42 ,Bags,,
130,00005985 0130,Orkin,130 TAMPA                          ,ORK7272R  ,BagOrkin Port Authority Medium Two Tone ,POD,4/24/2020,2,$22.88 ,$45.76 ,Bags,,
130,00005985 0130,Orkin,130 TAMPA                          ,ORK7272R  ,BagOrkin Port Authority Medium Two Tone ,POD,4/24/2020,2,$22.88 ,$45.76 ,Bags,,
130,00005985 0130,Orkin,130 TAMPA                          ,ORK6137   ,CoolerOrkin 12 Can                      ,Inventory,4/13/2020,2,$17.50 ,$35.00 ,Coolers,,
130,00005985 0130,Orkin,130 TAMPA                          ,ORK2013L  ,TieOrkin Ant Line (Long)                ,Inventory,4/13/2020,4,$21.86 ,$87.44 ,Apparel,Tie,Mens
130,00005985 0130,Orkin,130 TAMPA                          ,ORK6020   ,CoolerOrkin Under Cover Lunch Sack      ,Inventory,4/13/2020,4,$3.78 ,$15.12 ,Coolers,,
130,00005985 0130,Orkin,130 TAMPA                          ,ORK6017   ,"DuffleOrkin Boundry 20""                 ",Inventory,4/13/2020,2,$20.21 ,$40.42 ,Bags,,
130,00005985 0130,Orkin,130 TAMPA                          ,ORK7111R  ,ToolOrkin Swiss Force Meister Multi     ,Inventory,4/13/2020,3,$18.00 ,$54.00 ,Tools,,
130,00005985 0130,Orkin,130 TAMPA                          ,ORK8049A  ,HatOrkin Six Panel                      ,Inventory,4/13/2020,6,$6.56 ,$39.36 ,Apparel,Headwear,All
130,00005985 0130,Orkin,130 TAMPA                          ,ORK7100K  ,TumblerOrkin Basecamp Tundra 20oz       ,Inventory,4/13/2020,4,$16.34 ,$65.36 ,Drinkware,,
130,00005985 0130,Orkin,130 TAMPA                          ,ORK6126   ,PenOrkin Gloss Stylus                   ,Inventory,3/16/2020,100,$0.48 ,$48.00 ,Office,,
130,00005985 0130,Orkin,130 TAMPA                          ,ORK6148   ,PenOrkin Ion Silver Stylus              ,Inventory,3/16/2020,100,$0.67 ,$67.00 ,Office,,
130,00005985 0130,Orkin,130 TAMPA                          ,ORK6126   ,PenOrkin Gloss Stylus                   ,Inventory,2/26/2020,20,$0.48 ,$9.60 ,Office,,
130,00005985 0130,Orkin,130 TAMPA                          ,ORK6084   ,Stress RelieverOrkin Dog (Pack of 10)   ,Inventory,2/26/2020,30,$25.65 ,$76.95 ,tradeshow,,
130,00005985 0130,Orkin,130 TAMPA                          ,ORK6020   ,CoolerOrkin Under Cover Lunch Sack      ,Inventory,2/26/2020,4,$3.36 ,$13.44 ,Coolers,,
130,00005985 0130,Orkin,130 TAMPA                          ,ORK7100R  ,TumblerOrkin Basecamp Tundra 20oz       ,Inventory,2/26/2020,3,$16.34 ,$49.02 ,Drinkware,,
130,00005985 0130,Orkin,130 TAMPA                          ,ORK8049A  ,HatOrkin Six Panel                      ,Inventory,2/26/2020,8,$6.56 ,$52.48 ,Apparel,Headwear,All
130,00005985 0130,Orkin,130 TAMPA                          ,ORK2012L  ,TieOrkin Black Diamond Logo             ,Inventory,2/26/2020,6,$21.86 ,$131.16 ,Apparel,Tie,Mens
130,00005985 0130,Orkin,130 TAMPA                          ,ORK7012   ,HatOrkin Fight the Bite Trucker         ,Inventory,2/26/2020,8,$10.20 ,$81.60 ,Apparel,Headwear,All
130,00005985 0130,Orkin,130 TAMPA                          ,ORK7100K  ,TumblerOrkin Basecamp Tundra 20oz       ,Inventory,2/26/2020,3,$16.34 ,$49.02 ,Drinkware,,
130,00005985 0130,Orkin,130 TAMPA                          ,ORK8033KX ,VestOrkin Mens Fleece                   ,POD,2/13/2020,1,$21.59 ,$21.59 ,Apparel,Fleece,Mens
131,00005985 0131,Orkin,131 HUDSON                         ,ORK8207K  ,HatOrkin Nike Dri-FIT Swoosh Perforated ,POD,12/31/2020,3,$26.80 ,$80.40 ,Apparel,Headwear,All
131,00005985 0131,Orkin,131 HUDSON                         ,ORK6126   ,PenOrkin Gloss Stylus                   ,Inventory,12/15/2020,20,$0.48 ,$9.60 ,Office,,
131,00005985 0131,Orkin,131 HUDSON                         ,ORK6133   ,"UmbrellaOrkin 58"" Vented Golf           ",Inventory,9/2/2020,1,$17.40 ,$17.40 ,Golf,,
131,00005985 0131,Orkin,131 HUDSON                         ,ORK7317   ,UmbrellaOrkin Color Flip Inverted Foldin,Inventory,9/2/2020,1,$18.36 ,$18.36 ,Umbrella,,
131,00005985 0131,Orkin,131 HUDSON                         ,ORK8215W  ,HatOrkin Port Authority Cool Release    ,POD,7/31/2020,2,$13.00 ,$26.00 ,Apparel,Headwear,All
131,00005985 0131,Orkin,131 HUDSON                         ,ORK7306   ,SpeakerOrkin Aquathump Waterproof       ,POD,7/17/2020,3,$34.38 ,$103.14 ,Tech,,
131,00005985 0131,Orkin,131 HUDSON                         ,ORK8213R  ,HatOrkin Port Authority Snapback Trucker,POD,7/17/2020,3,$11.64 ,$34.92 ,Apparel,Headwear,All
131,00005985 0131,Orkin,131 HUDSON                         ,ORK8213K  ,HatOrkin Port Authority Snapback Trucker,POD,7/17/2020,3,$11.64 ,$34.92 ,Apparel,Headwear,All
131,00005985 0131,Orkin,131 HUDSON                         ,ORK7307   ,SpeakerOrkin Boxanne Wireless           ,POD,7/17/2020,2,$25.96 ,$51.92 ,Tech,,
131,00005985 0131,Orkin,131 HUDSON                         ,ORK7334   ,SetOrkin Outdoor 5 Piece Wellness       ,Inventory,7/2/2020,6,$6.40 ,$38.40 ,Office,,
131,00005985 0131,Orkin,131 HUDSON                         ,ORK6139   ,Orkin Portable Phone Fan for iPhone/Andr,Inventory,7/2/2020,3,$4.12 ,$12.36 ,Tech,,
131,00005985 0131,Orkin,131 HUDSON                         ,ORK7301   ,SpeakerOrkin Clip Clap Bluetooth        ,Inventory,7/2/2020,2,$8.10 ,$16.20 ,Tech,,
131,00005985 0131,Orkin,131 HUDSON                         ,ORK6133   ,"UmbrellaOrkin 58"" Vented Golf           ",Inventory,7/2/2020,1,$17.40 ,$17.40 ,Golf,,
131,00005985 0131,Orkin,131 HUDSON                         ,ORK6017   ,"DuffleOrkin Boundry 20""                 ",Inventory,7/2/2020,1,$20.21 ,$20.21 ,Bags,,
131,00005985 0131,Orkin,131 HUDSON                         ,ORK7317   ,UmbrellaOrkin Color Flip Inverted Foldin,Inventory,7/2/2020,1,$18.36 ,$18.36 ,Umbrella,,
131,00005985 0131,Orkin,131 HUDSON                         ,ORK6121   ,PenOrkin Wolverine Stylus               ,Inventory,7/2/2020,13,$0.70 ,$9.10 ,Office,,
131,00005985 0131,Orkin,131 HUDSON                         ,ORK6121   ,PenOrkin Wolverine Stylus               ,Inventory,7/2/2020,7,$0.77 ,$5.39 ,Office,,
131,00005985 0131,Orkin,131 HUDSON                         ,ORK7304   ,StrawOrkin 5 Piece Stainless Steel Straw,Inventory,7/2/2020,3,$2.23 ,$6.69 ,Office,,
131,00005985 0131,Orkin,131 HUDSON                         ,ORK7287   ,Orkin Silicone Ice Mold                 ,Inventory,7/2/2020,2,$4.15 ,$8.30 ,tradeshow,,
131,00005985 0131,Orkin,131 HUDSON                         ,ORK7289   ,Orkin Luggage Gripper                   ,Inventory,7/2/2020,3,$3.19 ,$9.57 ,tradeshow,,
131,00005985 0131,Orkin,131 HUDSON                         ,ORK7298   ,FlashlightOrkin High Sierra Carabiner Ho,Inventory,7/2/2020,4,$8.75 ,$35.00 ,Flashlights,,
131,00005985 0131,Orkin,131 HUDSON                         ,ORK7299   ,BlanketOrkin Buffalo Plaid Ultra Plush T,Inventory,7/2/2020,2,$32.17 ,$64.34 ,Blankets / Towels,,
131,00005985 0131,Orkin,131 HUDSON                         ,ORK7302   ,CableOrkin Dazzle 3-in-1 Light Up Chargi,Inventory,7/2/2020,5,$6.26 ,$31.30 ,Tech,,
131,00005985 0131,Orkin,131 HUDSON                         ,ORK7009   ,HatOrkin                                ,Inventory,7/2/2020,8,$8.00 ,$64.00 ,Apparel,Headwear,All
131,00005985 0131,Orkin,131 HUDSON                         ,ORK7104   ,Lip BalmOrkin SPF 15                    ,Inventory,7/2/2020,15,$0.75 ,$11.25 ,tradeshow,,
131,00005985 0131,Orkin,131 HUDSON                         ,ORK6126   ,PenOrkin Gloss Stylus                   ,Inventory,7/2/2020,20,$0.48 ,$9.60 ,Office,,
131,00005985 0131,Orkin,131 HUDSON                         ,ORK5003   ,Golf BallsOrkin Bridgestone E6 Soft     ,Inventory,7/2/2020,12,$37.85 ,$37.85 ,Golf,,
131,00005985 0131,Orkin,131 HUDSON                         ,ORK6071   ,CoolerOrkin Infinity Sport              ,Inventory,7/2/2020,2,$16.42 ,$32.84 ,Coolers,,
131,00005985 0131,Orkin,131 HUDSON                         ,ORK6148   ,PenOrkin Ion Silver Stylus              ,Inventory,6/3/2020,10,$0.67 ,$6.70 ,Office,,
131,00005985 0131,Orkin,131 HUDSON                         ,ORK8066   ,EarbudsOrkin Bluetooth Wireless         ,Inventory,3/16/2020,1,$10.21 ,$10.21 ,Tech,,
131,00005985 0131,Orkin,131 HUDSON                         ,ORK1083RX ,Mens CB Dry Tec Northgate Polo          ,POD,2/10/2020,1,$36.00 ,$36.00 ,Apparel,Polo,Mens
131,00005985 0131,Orkin,131 HUDSON                         ,ORK6144   ,Front Load Two Port USB Auto Adaptor    ,Inventory,1/17/2020,2,$4.45 ,$8.90 ,Tech,,
131,00005985 0131,Orkin,131 HUDSON                         ,ORK6082   ,Orkin Lapel Pin                         ,Inventory,1/17/2020,10,$7.66 ,$15.32 ,Pins / Medals,,
131,00005985 0131,Orkin,131 HUDSON                         ,ORK8204TM ,Men's Helsa Full Zip Jacket             ,POD,1/13/2020,1,$42.70 ,$42.70 ,Apparel,Outerwear,Mens
132,00005985 0132,Orkin,132 COCOA                          ,ORK7255RL ,Rain JacketOrkin The North Face DryVent ,POD,12/31/2020,1,$105.96 ,$105.96 ,Apparel,Outerwear,Mens
132,00005985 0132,Orkin,132 COCOA                          ,ORK7261KL ,JacketOrkin Port Authority Collective In,POD,11/30/2020,1,$37.50 ,$37.50 ,Apparel,Outerwear,Mens
132,00005985 0132,Orkin,132 COCOA                          ,ORK8207R  ,HatOrkin Nike Dri-FIT Swoosh Perforated ,POD,11/30/2020,2,$26.80 ,$53.60 ,Apparel,Headwear,All
132,00005985 0132,Orkin,132 COCOA                          ,ORK7299   ,BlanketOrkin Buffalo Plaid Ultra Plush T,Inventory,11/10/2020,1,$32.17 ,$32.17 ,Blankets / Towels,,
132,00005985 0132,Orkin,132 COCOA                          ,ORK6071   ,CoolerOrkin Infinity Sport              ,Inventory,11/5/2020,3,$16.42 ,$49.26 ,Coolers,,
132,00005985 0132,Orkin,132 COCOA                          ,ORK7251GXL,Rain JacketOrkin Port Authority Collecti,POD,10/31/2020,1,$59.66 ,$59.66 ,Apparel,Outerwear,Mens
132,00005985 0132,Orkin,132 COCOA                          ,ORK7251G2X,Rain JacketOrkin Port Authority Collecti,POD,10/31/2020,1,$61.14 ,$61.14 ,Apparel,Outerwear,Mens
132,00005985 0132,Orkin,132 COCOA                          ,ORK6140   ,Orkin Pop Phone Socket                  ,Inventory,9/24/2020,8,$1.55 ,$12.40 ,Tech,,
132,00005985 0132,Orkin,132 COCOA                          ,ORK8031   ,KitOrkin Shoe Care                      ,Inventory,9/24/2020,3,$6.39 ,$19.17 ,Office,,
132,00005985 0132,Orkin,132 COCOA                          ,ORK2013   ,TieOrkin Ant Line                       ,Inventory,8/31/2020,1,$21.41 ,$21.41 ,Apparel,Tie,Mens
132,00005985 0132,Orkin,132 COCOA                          ,ORK4007   ,WatchOrkin Swiss                        ,Inventory,8/31/2020,1,$97.73 ,$97.73 ,Watches,,
132,00005985 0132,Orkin,132 COCOA                          ,ORK2012R  ,TieOrkin Black Diamond Logo             ,Inventory,8/31/2020,1,$20.96 ,$20.96 ,Apparel,Tie,Mens
132,00005985 0132,Orkin,132 COCOA                          ,ORK8025   ,MousepadOrkin Foam (Pack of 10)         ,Inventory,8/19/2020,10,$27.50 ,$27.50 ,Tech,,
132,00005985 0132,Orkin,132 COCOA                          ,KT1013    ,KitRollins New Hire                     ,Inventory,8/18/2020,1,$40.53 ,$40.53 ,Office,,
132,00005985 0132,Orkin,132 COCOA                          ,ORK4008   ,WatchOrkin Women's Timex 2-Tone Gold Exp,Inventory,8/3/2020,1,$92.15 ,$92.15 ,Watches,,
132,00005985 0132,Orkin,132 COCOA                          ,ORK7248RM ,Rain JacketOrkin Port Authority Ladies T,POD,7/13/2020,1,$46.36 ,$46.36 ,Apparel,Outerwear,Womens
132,00005985 0132,Orkin,132 COCOA                          ,ORK7247ML ,Rain JacketOrkin Port Authority Torrent ,POD,7/13/2020,1,$46.36 ,$46.36 ,Apparel,Outerwear,Mens
132,00005985 0132,Orkin,132 COCOA                          ,ORK7247M2X,Rain JacketOrkin Port Authority Torrent ,POD,7/13/2020,1,$47.84 ,$47.84 ,Apparel,Outerwear,Mens
132,00005985 0132,Orkin,132 COCOA                          ,ORK7248MM ,Rain JacketOrkin Port Authority Ladies T,POD,7/13/2020,1,$46.36 ,$46.36 ,Apparel,Outerwear,Womens
132,00005985 0132,Orkin,132 COCOA                          ,ORK7226RL ,PoloOrkin Ladies OGIO Jewel Polo        ,POD,6/11/2020,1,$32.83 ,$32.83 ,Apparel,Polo,Womens
132,00005985 0132,Orkin,132 COCOA                          ,ORK7255G2X,Rain JacketOrkin The North Face DryVent ,POD,6/11/2020,1,$107.51 ,$107.51 ,Apparel,Outerwear,Mens
132,00005985 0132,Orkin,132 COCOA                          ,ORK7299   ,BlanketOrkin Buffalo Plaid Ultra Plush T,Inventory,3/30/2020,2,$32.17 ,$64.34 ,Blankets / Towels,,
132,00005985 0132,Orkin,132 COCOA                          ,ORK7288   ,Orkin All Natural Insect Repellent Spray,Inventory,3/23/2020,20,$1.55 ,$31.00 ,tradeshow,,
132,00005985 0132,Orkin,132 COCOA                          ,ORK1091G2X,T-ShirtOrkin Performance Tee            ,Inventory,3/17/2020,2,$8.00 ,$16.00 ,Apparel,T-Shirt,All
132,00005985 0132,Orkin,132 COCOA                          ,ORK1091GXL,T-ShirtOrkin Performance Tee            ,Inventory,3/17/2020,3,$6.10 ,$18.30 ,Apparel,T-Shirt,All
132,00005985 0132,Orkin,132 COCOA                          ,ORK1091GXL,T-ShirtOrkin Performance Tee            ,Inventory,3/17/2020,3,$6.10 ,$18.30 ,Apparel,T-Shirt,All
132,00005985 0132,Orkin,132 COCOA                          ,ORK1091GM ,T-ShirtOrkin Performance Tee            ,Inventory,3/17/2020,2,$6.10 ,$12.20 ,Apparel,T-Shirt,All
132,00005985 0132,Orkin,132 COCOA                          ,ORK1091GL ,T-ShirtOrkin Performance Tee            ,Inventory,3/17/2020,3,$6.10 ,$18.30 ,Apparel,T-Shirt,All
132,00005985 0132,Orkin,132 COCOA                          ,ORK7291   ,"BagOrkin Gridlock Vertical 15"" Computer ",Inventory,3/16/2020,1,$26.39 ,$26.39 ,Bags,,
132,00005985 0132,Orkin,132 COCOA                          ,ORK7285   ,BagOrkin Large Waterproof Dry           ,Inventory,3/16/2020,5,$6.50 ,$32.50 ,Bags,,
132,00005985 0132,Orkin,132 COCOA                          ,ORK6126   ,PenOrkin Gloss Stylus                   ,Inventory,2/11/2020,30,$0.48 ,$14.40 ,Office,,
132,00005985 0132,Orkin,132 COCOA                          ,ORK6084   ,Stress RelieverOrkin Dog                ,Inventory,2/11/2020,20,$25.65 ,$51.30 ,tradeshow,,
132,00005985 0132,Orkin,132 COCOA                          ,MS1040    ,OrganizerSafety First Car Seat          ,Inventory,2/11/2020,3,$8.20 ,$24.60 ,Vehicle,,
134,00005985 0134,Orkin,134 ORLANDO PC                     ,ORK7280   ,BagOrkin High Sierra Fallout Computer   ,Inventory,12/18/2020,1,$62.77 ,$62.77 ,Bags,,
134,00005985 0134,Orkin,134 ORLANDO PC                     ,ORK7291   ,"BagOrkin Gridlock Vertical 15"" Computer ",Inventory,12/7/2020,1,$26.39 ,$26.39 ,Bags,,
134,00005985 0134,Orkin,134 ORLANDO PC                     ,ORK7000   ,TumblerOrkin 20oz Hugo Copper Vacuum Ins,Inventory,12/7/2020,3,$14.41 ,$43.23 ,Drinkware,,
134,00005985 0134,Orkin,134 ORLANDO PC                     ,ORK2012L  ,TieOrkin Black Diamond Logo             ,Inventory,11/24/2020,1,$21.86 ,$21.86 ,Apparel,Tie,Mens
134,00005985 0134,Orkin,134 ORLANDO PC                     ,ORK7295   ,MugOrkin 14oz Arctic Zone Titan Thermal ,Inventory,10/14/2020,1,$21.07 ,$21.07 ,Drinkware,,
134,00005985 0134,Orkin,134 ORLANDO PC                     ,ORK7111R  ,ToolOrkin Swiss Force Meister Multi     ,Inventory,10/14/2020,1,$15.66 ,$15.66 ,Tools,,
134,00005985 0134,Orkin,134 ORLANDO PC                     ,ORK2013   ,TieOrkin Ant Line                       ,Inventory,10/14/2020,1,$21.41 ,$21.41 ,Apparel,Tie,Mens
134,00005985 0134,Orkin,134 ORLANDO PC                     ,ORK7304   ,StrawOrkin 5 Piece Stainless Steel Straw,Inventory,10/14/2020,2,$2.23 ,$4.46 ,Office,,
134,00005985 0134,Orkin,134 ORLANDO PC                     ,ORK1091GL ,T-ShirtOrkin Performance Tee            ,Inventory,3/17/2020,4,$6.10 ,$24.40 ,Apparel,T-Shirt,All
134,00005985 0134,Orkin,134 ORLANDO PC                     ,ORK1091GM ,T-ShirtOrkin Performance Tee            ,Inventory,3/17/2020,1,$6.10 ,$6.10 ,Apparel,T-Shirt,All
134,00005985 0134,Orkin,134 ORLANDO PC                     ,ORK1091G2X,T-ShirtOrkin Performance Tee            ,Inventory,3/17/2020,8,$8.00 ,$64.00 ,Apparel,T-Shirt,All
134,00005985 0134,Orkin,134 ORLANDO PC                     ,ORK1091GXL,T-ShirtOrkin Performance Tee            ,Inventory,3/17/2020,8,$6.10 ,$48.80 ,Apparel,T-Shirt,All
134,00005985 0134,Orkin,134 ORLANDO PC                     ,ORK1091G3X,T-ShirtOrkin Performance Tee            ,Inventory,3/17/2020,4,$8.90 ,$35.60 ,Apparel,T-Shirt,All
142,00005985 0142,Orkin,142 ST PETERSBURG                  ,ORK1083KX ,PoloOrkin Men's CB Drytec Northgate     ,POD,11/19/2020,2,$42.97 ,$85.94 ,Apparel,Polo,Mens
142,00005985 0142,Orkin,142 ST PETERSBURG                  ,ORK1083RL ,PoloOrkin Men's CB Drytec Northgate     ,POD,11/19/2020,2,$42.97 ,$85.94 ,Apparel,Polo,Mens
142,00005985 0142,Orkin,142 ST PETERSBURG                  ,ORK1083K2X,PoloOrkin Men's CB Drytec Northgate     ,POD,11/19/2020,1,$42.97 ,$42.97 ,Apparel,Polo,Mens
142,00005985 0142,Orkin,142 ST PETERSBURG                  ,ORK1083KL ,PoloOrkin Men's CB Drytec Northgate     ,POD,11/19/2020,2,$42.97 ,$85.94 ,Apparel,Polo,Mens
142,00005985 0142,Orkin,142 ST PETERSBURG                  ,ORK1083R2X,PoloOrkin Men's CB Drytec Northgate     ,POD,11/19/2020,1,$42.97 ,$42.97 ,Apparel,Polo,Mens
142,00005985 0142,Orkin,142 ST PETERSBURG                  ,ORK1083RX ,PoloOrkin Men's CB Drytec Northgate     ,POD,11/19/2020,2,$42.97 ,$85.94 ,Apparel,Polo,Mens
142,00005985 0142,Orkin,142 ST PETERSBURG                  ,ORK8031   ,KitOrkin Shoe Care                      ,Inventory,11/11/2020,1,$6.39 ,$6.39 ,Office,,
142,00005985 0142,Orkin,142 ST PETERSBURG                  ,ORK7274R  ,BagOrkin Eddie Bauer Ripstop Backpack   ,POD,6/26/2020,2,$52.20 ,$104.40 ,Bags,,
142,00005985 0142,Orkin,142 ST PETERSBURG                  ,ORK6131   ,PenOrkin Cross Calais Ballpoint         ,Inventory,6/17/2020,1,$22.50 ,$22.50 ,Office,,
142,00005985 0142,Orkin,142 ST PETERSBURG                  ,ORK6131   ,PenOrkin Cross Calais Ballpoint         ,Inventory,6/17/2020,1,$22.50 ,$22.50 ,Office,,
142,00005985 0142,Orkin,142 ST PETERSBURG                  ,ORK2012L  ,TieOrkin Black Diamond Logo             ,Inventory,6/9/2020,5,$21.86 ,$109.30 ,Apparel,Tie,Mens
142,00005985 0142,Orkin,142 ST PETERSBURG                  ,ORK2013L  ,TieOrkin Ant Line (Long)                ,Inventory,6/9/2020,5,$21.86 ,$109.30 ,Apparel,Tie,Mens
142,00005985 0142,Orkin,142 ST PETERSBURG                  ,ORK8049A  ,HatOrkin Six Panel                      ,Inventory,5/21/2020,4,$6.56 ,$26.24 ,Apparel,Headwear,All
142,00005985 0142,Orkin,142 ST PETERSBURG                  ,ORK7012   ,HatOrkin Fight the Bite Trucker         ,Inventory,5/21/2020,4,$10.20 ,$40.80 ,Apparel,Headwear,All
142,00005985 0142,Orkin,142 ST PETERSBURG                  ,ORK7009   ,HatOrkin                                ,Inventory,5/21/2020,4,$8.00 ,$32.00 ,Apparel,Headwear,All
142,00005985 0142,Orkin,142 ST PETERSBURG                  ,ORK8033KL ,Orkin Mens Fleece Vest                  ,POD,3/27/2020,1,$21.59 ,$21.59 ,Apparel,Fleece,Mens
144,00005985 0144,Orkin,144 SARASOTA                       ,ORK4007   ,WatchOrkin Swiss                        ,Inventory,12/28/2020,1,$98.36 ,$98.36 ,Watches,,
144,00005985 0144,Orkin,144 SARASOTA                       ,ORK2013L  ,TieOrkin Ant Line (Long)                ,Inventory,7/23/2020,4,$21.86 ,$87.44 ,Apparel,Tie,Mens
144,00005985 0144,Orkin,144 SARASOTA                       ,ORK6120   ,PenOrkin Touch Free Stylus with LED     ,Inventory,3/3/2020,4,$2.36 ,$9.44 ,Office,,
144,00005985 0144,Orkin,144 SARASOTA                       ,ORK6148   ,PenOrkin Ion Silver Stylus              ,Inventory,3/3/2020,5,$0.67 ,$3.35 ,Office,,
144,00005985 0144,Orkin,144 SARASOTA                       ,PLQDAWG9BS,Top Dawg - Medium - Black Stone         ,POD,2/26/2020,1,$49.00 ,$49.00 ,Awards,,
144,00005985 0144,Orkin,144 SARASOTA                       ,PLQDAWG9BS,Top Dawg - Medium - Black Stone         ,POD,2/26/2020,1,$49.00 ,$49.00 ,Awards,,
144,00005985 0144,Orkin,144 SARASOTA                       ,ORK6144   ,USBOrkin Front Load Two Port USB Car Cha,Inventory,2/18/2020,4,$4.45 ,$17.80 ,Tech,,
144,00005985 0144,Orkin,144 SARASOTA                       ,ORK6144   ,USBOrkin Front Load Two Port USB Auto Ad,Inventory,2/7/2020,2,$4.45 ,$8.90 ,Tech,,
144,00005985 0144,Orkin,144 SARASOTA                       ,ORK5003   ,Golf BallsOrkin Bridgestone E6 Soft     ,Inventory,2/7/2020,12,$37.85 ,$37.85 ,Golf,,
144,00005985 0144,Orkin,144 SARASOTA                       ,ORK4007   ,WatchOrkin Swiss                        ,Inventory,2/7/2020,1,$97.73 ,$97.73 ,Watches,,
144,00005985 0144,Orkin,144 SARASOTA                       ,ORK6140   ,Orkin Pop Phone Socket                  ,Inventory,2/7/2020,8,$1.55 ,$12.40 ,Tech,,
144,00005985 0144,Orkin,144 SARASOTA                       ,ORK6145   ,USBOrkin Rotate Flash Drive 8GB         ,Inventory,2/7/2020,2,$11.96 ,$23.92 ,Tech,,
146,00005985 0146,Orkin,149 KISSIMMEE                      ,ORK7302   ,CableOrkin Dazzle 3-in-1 Light Up Chargi,Inventory,11/4/2020,1,$6.26 ,$6.26 ,Tech,,
146,00005985 0146,Orkin,149 KISSIMMEE                      ,ORK7284   ,ChargerOrkin Energy Wireless            ,Inventory,11/4/2020,1,$12.39 ,$12.39 ,Tech,,
146,00005985 0146,Orkin,149 KISSIMMEE                      ,ORK7283   ,EarbudsOrkin Little Bluetooth           ,Inventory,11/4/2020,1,$14.51 ,$14.51 ,Tech,,
146,00005985 0146,Orkin,149 KISSIMMEE                      ,ORK7223AXL,PoloOrkin Nike Ladies Dri-FIT Vertical M,POD,8/27/2020,1,$39.05 ,$39.05 ,Apparel,Polo,Womens
146,00005985 0146,Orkin,149 KISSIMMEE                      ,ORK7223KXL,PoloOrkin Nike Ladies Dri-FIT Vertical M,POD,8/27/2020,1,$39.05 ,$39.05 ,Apparel,Polo,Womens
146,00005985 0146,Orkin,149 KISSIMMEE                      ,ORK7223RXL,PoloOrkin Nike Ladies Dri-FIT Vertical M,POD,8/27/2020,1,$39.05 ,$39.05 ,Apparel,Polo,Womens
146,00005985 0146,Orkin,149 KISSIMMEE                      ,ORK7283   ,EarbudsOrkin Little Bluetooth           ,Inventory,8/10/2020,1,$15.27 ,$15.27 ,Tech,,
146,00005985 0146,Orkin,149 KISSIMMEE                      ,ORK7206GXL,PoloOrkin Port Authority Ladies Dry Zone,POD,7/17/2020,1,$18.28 ,$18.28 ,Apparel,Polo,Womens
146,00005985 0146,Orkin,149 KISSIMMEE                      ,ORK7206KXL,PoloOrkin Port Authority Ladies Dry Zone,POD,7/17/2020,1,$18.28 ,$18.28 ,Apparel,Polo,Womens
146,00005985 0146,Orkin,149 KISSIMMEE                      ,ORK7304   ,StrawOrkin 5 Piece Stainless Steel Straw,Inventory,7/2/2020,3,$2.23 ,$6.69 ,Office,,
146,00005985 0146,Orkin,149 KISSIMMEE                      ,ORK7304   ,StrawOrkin 5 Piece Stainless Steel Straw,Inventory,6/17/2020,5,$2.23 ,$11.15 ,Office,,
146,00005985 0146,Orkin,149 KISSIMMEE                      ,ORK6140   ,Orkin Pop Phone Socket                  ,Inventory,6/17/2020,5,$1.55 ,$7.75 ,Tech,,
146,00005985 0146,Orkin,149 KISSIMMEE                      ,ORK6128R  ,FlashlightOrkin Telescopic Aluminum with,Inventory,3/20/2020,2,$6.99 ,$13.98 ,Flashlights,,
146,00005985 0146,Orkin,149 KISSIMMEE                      ,ORK6128B  ,FlashlightOrkin Telescopic Aluminum with,Inventory,3/20/2020,2,$6.99 ,$13.98 ,Flashlights,,
146,00005985 0146,Orkin,149 KISSIMMEE                      ,ORK2012R  ,TieOrkin Black Diamond Logo             ,Inventory,3/20/2020,2,$20.96 ,$41.92 ,Apparel,Tie,Mens
146,00005985 0146,Orkin,149 KISSIMMEE                      ,ORK7298   ,FlashlightOrkin High Sierra Carabiner Ho,Inventory,3/20/2020,3,$8.75 ,$26.25 ,Flashlights,,
146,00005985 0146,Orkin,149 KISSIMMEE                      ,ORK6128S  ,FlashlightOrkin Telescopic Aluminum with,Inventory,3/20/2020,2,$6.99 ,$13.98 ,Flashlights,,
146,00005985 0146,Orkin,149 KISSIMMEE                      ,ORK8049A  ,HatOrkin Six Panel                      ,Inventory,3/20/2020,3,$6.56 ,$19.68 ,Apparel,Headwear,All
146,00005985 0146,Orkin,149 KISSIMMEE                      ,ORK2013   ,TieOrkin Ant Line                       ,Inventory,3/20/2020,1,$21.41 ,$21.41 ,Apparel,Tie,Mens
146,00005985 0146,Orkin,149 KISSIMMEE                      ,ORK1091GS ,T-ShirtOrkin Serves                     ,Inventory,3/17/2020,1,$6.10 ,$6.10 ,Apparel,T-Shirt,All
146,00005985 0146,Orkin,149 KISSIMMEE                      ,ORK1091GS ,T-ShirtOrkin Serves                     ,Inventory,3/17/2020,1,$6.10 ,$6.10 ,Apparel,T-Shirt,All
